Date,Category,Likes,Retweets,Comments,Sentiment,Hashtags,PostLength,EngagementRate
2021-01-01,Travel,6843,2499,279,Positive,#Trending,396,0.287745130408223
2021-01-02,Fashion,507,2436,173,Negative,#Lifestyle,236,0.8746206197420232
2021-01-03,Family,6995,498,784,Negative,#Art,181,0.7520373143922965
2021-01-04,Culture,8095,1331,769,Positive,#Lifestyle,331,0.03047006627954696
2021-01-05,Travel,610,1860,516,Neutral,#Art,424,0.35374407604713554
2021-01-06,Fashion,7444,2785,712,Negative,#Trending,408,0.974853471513569
2021-01-07,Fitness,6398,1201,432,Neutral,#Wellness,407,0.20217719949722623
2021-01-08,Food,5111,2526,189,Positive,#Art,452,0.4518464682110238
2021-01-09,Fitness,9830,147,48,Positive,#Wellness,266,0.8711424679304798
2021-01-10,Music,992,2742,116,Negative,#Fun,471,0.5353445928424102
2021-01-11,Fashion,2632,207,704,Negative,#HealthyLiving,126,0.8552163804712207
2021-01-12,Food,2384,2238,742,Neutral,#Explore,300,0.7801160039521873
2021-01-13,Culture,9740,470,961,Negative,#Lifestyle,254,0.21203495473113032
2021-01-14,Music,5904,400,321,Negative,#Explore,379,0.466647283301053
2021-01-15,Music,2448,28,221,Positive,#FamilyTime,447,0.5308503542498998
2021-01-16,Family,1349,868,950,Positive,#Lifestyle,430,0.10521555097180135
2021-01-17,Music,7821,1716,657,Negative,#Lifestyle,308,0.16933686219089794
2021-01-18,Fitness,241,2206,44,Positive,#Art,235,0.37802540090613845
2021-01-19,Health,6819,2855,117,Negative,#FamilyTime,53,0.8704510187780032
2021-01-20,Food,7,1566,812,Positive,#Explore,184,0.03300116769077033
2021-01-21,Food,4537,2546,532,Negative,#HealthyLiving,303,0.888624841556876
2021-01-22,Travel,8482,2926,559,Neutral,#Trending,416,0.6451725196230874
2021-01-23,Music,2875,72,36,Negative,#Explore,432,0.5092112533541892
2021-01-24,Food,5534,2001,110,Positive,#Wellness,469,0.9963861847018257
2021-01-25,Travel,9366,87,158,Positive,#Art,443,0.8192150591863319
2021-01-26,Health,398,2339,140,Positive,#Trending,276,0.3500871043331264
2021-01-27,Culture,5407,2157,968,Positive,#Art,499,0.07855924072894416
2021-01-28,Culture,406,347,201,Negative,#Trending,232,0.5614284203272618
2021-01-29,Health,5261,1206,851,Neutral,#FamilyTime,235,0.0865965609024586
2021-01-30,Travel,919,217,592,Negative,#Wellness,217,0.7090961251238105
2021-01-31,Health,2803,882,858,Positive,#Wellness,114,0.7456868104261121
2021-02-01,Music,6169,1308,516,Negative,#HealthyLiving,209,0.43230226976019415
2021-02-02,Fashion,2881,158,880,Negative,#Fun,333,0.7734951407566747
2021-02-03,Food,6035,1884,222,Negative,#Explore,190,0.31322182167727464
2021-02-04,Travel,8762,2548,934,Neutral,#Trending,176,0.3167676743223624
2021-02-05,Music,2473,88,52,Neutral,#Wellness,61,0.5278309115244733
2021-02-06,Health,5630,312,498,Neutral,#HealthyLiving,67,0.6601357159840677
2021-02-07,Family,4476,1408,461,Positive,#Trending,360,0.15726231691752934
2021-02-08,Food,4559,2983,968,Neutral,#Art,453,0.8052887129208326
2021-02-09,Fashion,320,2366,142,Positive,#Art,354,0.0517701839159711
2021-02-10,Fashion,8311,2122,30,Positive,#FamilyTime,187,0.33731773855034286
2021-02-11,Music,876,1499,326,Positive,#Explore,287,0.2667689542417431
2021-02-12,Health,8210,2473,902,Negative,#Explore,116,0.42870251553938565
2021-02-13,Fitness,6928,523,135,Negative,#HealthyLiving,420,0.4768292661767638
2021-02-14,Travel,1432,2449,373,Negative,#HealthyLiving,173,0.5828076221586581
2021-02-15,Culture,4696,2063,747,Neutral,#Wellness,215,0.7680854583996215
2021-02-16,Health,7164,2465,635,Neutral,#Explore,200,0.48956449753544384
2021-02-17,Culture,7676,2828,505,Positive,#Lifestyle,424,0.6858284781491466
2021-02-18,Travel,6385,1013,503,Neutral,#HealthyLiving,155,0.7525038525300468
2021-02-19,Music,4442,2681,478,Negative,#Wellness,392,0.9701822192852907
2021-02-20,Health,4112,98,816,Positive,#Lifestyle,392,0.3769815400606267
2021-02-21,Family,6428,930,294,Positive,#Wellness,146,0.8216971868194114
2021-02-22,Music,3276,2431,680,Positive,#Lifestyle,207,0.44207860499273155
2021-02-23,Food,7661,1496,41,Positive,#Explore,293,0.8988270011702119
2021-02-24,Travel,3617,1689,340,Positive,#Art,427,0.991563287006228
2021-02-25,Travel,5047,608,147,Negative,#Wellness,353,0.15550339720638928
2021-02-26,Food,4101,2862,131,Positive,#Trending,480,0.03354152484125983
2021-02-27,Travel,4794,2887,583,Negative,#FamilyTime,431,0.9890002460975229
2021-02-28,Family,5690,698,498,Neutral,#Wellness,89,0.7287176544985395
2021-03-01,Culture,4738,303,735,Negative,#Explore,333,0.9722608665944305
2021-03-02,Travel,7139,566,424,Neutral,#Trending,312,0.5238508644853404
2021-03-03,Travel,7110,2733,576,Positive,#Wellness,238,0.24626005232568715
2021-03-04,Music,1656,2594,903,Positive,#Lifestyle,195,0.07281868551762083
2021-03-05,Travel,4047,726,873,Neutral,#Lifestyle,248,0.35662532724598095
2021-03-06,Food,7981,514,908,Negative,#Fun,394,0.39561884078877285
2021-03-07,Health,7423,2910,422,Negative,#HealthyLiving,429,0.48773647766847206
2021-03-08,Health,9950,2033,69,Negative,#Trending,186,0.0719400074642862
2021-03-09,Music,3148,2203,139,Positive,#Explore,439,0.4552184310917795
2021-03-10,Fashion,219,1071,509,Negative,#Lifestyle,390,0.2107646503695323
2021-03-11,Fitness,4490,2696,754,Negative,#Wellness,126,0.6644327030538627
2021-03-12,Music,4742,1330,62,Neutral,#HealthyLiving,80,0.9784923703316399
2021-03-13,Fashion,7116,2359,301,Neutral,#HealthyLiving,74,0.8934366213482234
2021-03-14,Fitness,441,1574,179,Positive,#Explore,64,0.5066096211035214
2021-03-15,Fashion,8270,1740,941,Negative,#Trending,311,0.3000500631596309
2021-03-16,Health,7912,2402,603,Positive,#Fun,77,0.688714759362209
2021-03-17,Culture,3194,1804,852,Positive,#HealthyLiving,103,0.5053476870806438
2021-03-18,Health,6494,2926,478,Positive,#HealthyLiving,372,0.8570577529870292
2021-03-19,Fitness,2584,2215,92,Neutral,#FamilyTime,398,0.03994285937762998
2021-03-20,Travel,8808,2270,307,Neutral,#Explore,498,0.012233198553823654
2021-03-21,Food,9802,916,706,Neutral,#Art,284,0.1961107663078635
2021-03-22,Family,9436,850,776,Positive,#Explore,346,0.9065202814192259
2021-03-23,Music,2106,1834,947,Negative,#Trending,438,0.5162343750290013
2021-03-24,Fitness,4052,1847,567,Neutral,#Explore,365,0.891839356181027
2021-03-25,Culture,8126,810,831,Negative,#HealthyLiving,50,0.10709519889734576
2021-03-26,Culture,5339,1438,944,Neutral,#HealthyLiving,418,0.6043452378351578
2021-03-27,Music,5935,1592,492,Negative,#Art,221,0.8018833606600654
2021-03-28,Fashion,4028,2575,330,Neutral,#Lifestyle,353,0.9069667788600589
2021-03-29,Culture,2132,882,261,Positive,#HealthyLiving,460,0.09827269905928215
2021-03-30,Food,47,1461,978,Neutral,#Explore,349,0.7149800953736333
2021-03-31,Health,2854,2879,382,Negative,#HealthyLiving,256,0.37570318889517673
2021-04-01,Fitness,8425,765,732,Negative,#Art,496,0.05697711680177597
2021-04-02,Travel,7337,1298,85,Neutral,#Art,389,0.04518694818698632
2021-04-03,Family,7928,679,151,Positive,#Wellness,385,0.31604859449050937
2021-04-04,Fitness,1736,1451,840,Negative,#FamilyTime,374,0.07092577904524544
2021-04-05,Family,7508,1660,760,Neutral,#FamilyTime,341,0.4887845413206049
2021-04-06,Health,2775,258,772,Negative,#FamilyTime,451,0.2747836592399261
2021-04-07,Family,4881,2866,462,Neutral,#FamilyTime,369,0.9742488339150676
2021-04-08,Travel,4028,2559,402,Neutral,#Explore,310,0.3776886469588794
2021-04-09,Music,8955,2608,172,Neutral,#Lifestyle,370,0.052239858383374305
2021-04-10,Fashion,5651,1650,434,Positive,#Trending,339,0.11177476067932968
2021-04-11,Fitness,355,235,824,Positive,#Wellness,344,0.06420719815147369
2021-04-12,Family,724,1467,404,Negative,#Art,445,0.25429463942843145
2021-04-13,Fitness,6161,2081,248,Negative,#Art,400,0.912146048568536
2021-04-14,Family,6813,956,174,Negative,#HealthyLiving,242,0.5885819558265701
2021-04-15,Health,2390,949,664,Neutral,#Fun,444,0.38318877499894
2021-04-16,Music,7595,1541,857,Negative,#Lifestyle,82,0.4660332391874835
2021-04-17,Family,8685,213,399,Neutral,#Wellness,405,0.8864287360856886
2021-04-18,Music,1626,1106,82,Neutral,#Art,239,0.6165399094764689
2021-04-19,Fashion,1432,2399,554,Negative,#Trending,374,0.009699676796954715
2021-04-20,Family,5885,2908,616,Neutral,#Trending,261,0.7132702817015707
2021-04-21,Culture,6362,2795,11,Positive,#Trending,66,0.45947917381870174
2021-04-22,Music,1881,1856,175,Negative,#Trending,401,0.4434217220427241
2021-04-23,Health,2248,2497,461,Positive,#Explore,311,0.4046515412935239
2021-04-24,Fashion,5103,1108,270,Neutral,#Art,448,0.061898845080537
2021-04-25,Travel,9334,2081,190,Positive,#Fun,54,0.42462654592994753
2021-04-26,Fitness,5085,1214,726,Positive,#Trending,285,0.8431394314243573
2021-04-27,Fitness,358,2517,198,Positive,#Art,485,0.5607487233864952
2021-04-28,Health,5908,940,27,Positive,#HealthyLiving,486,0.36151618262154406
2021-04-29,Fitness,3744,85,243,Negative,#Trending,433,0.4983115532304021
2021-04-30,Family,3897,67,658,Positive,#Fun,156,0.05964994550632019
2021-05-01,Travel,1807,1908,730,Negative,#Explore,115,0.7217951730605904
2021-05-02,Food,9526,79,827,Positive,#Explore,179,0.07307517017548937
2021-05-03,Culture,7985,178,272,Positive,#Lifestyle,155,0.769311123218457
2021-05-04,Health,4092,2237,444,Negative,#FamilyTime,494,0.6436901795317804
2021-05-05,Fashion,9759,153,934,Positive,#Trending,497,0.743996454780312
2021-05-06,Health,569,1044,652,Positive,#HealthyLiving,135,0.9918022790736167
2021-05-07,Fitness,6268,1918,806,Positive,#FamilyTime,385,0.7927090299585222
2021-05-08,Health,3374,169,546,Negative,#HealthyLiving,316,0.7449137494413623
2021-05-09,Music,7976,2016,825,Negative,#Trending,142,0.795894952467089
2021-05-10,Travel,2334,793,786,Neutral,#Explore,96,0.6311574553729591
2021-05-11,Fitness,8106,27,597,Neutral,#Wellness,439,0.007144534438096706
2021-05-12,Health,7268,58,379,Neutral,#FamilyTime,480,0.7608936039219775
2021-05-13,Health,4261,2785,490,Negative,#Art,214,0.37798795653129447
2021-05-14,Fitness,2078,392,299,Neutral,#Fun,255,0.9971103310948437
2021-05-15,Culture,4969,1859,944,Negative,#Explore,91,0.886979459106632
2021-05-16,Family,8188,2911,8,Neutral,#FamilyTime,226,0.02075767114564786
2021-05-17,Music,3885,1225,843,Neutral,#Trending,244,0.9323567658258105
2021-05-18,Music,8290,2298,949,Negative,#Explore,204,0.8164637127929818
2021-05-19,Travel,8151,1911,738,Neutral,#Fun,145,0.006193301097883297
2021-05-20,Music,5130,427,458,Positive,#Art,327,0.37402257845602116
2021-05-21,Music,5986,105,266,Neutral,#Lifestyle,322,0.21467487992805667
2021-05-22,Music,7089,1037,355,Negative,#Lifestyle,418,0.49020661446129554
2021-05-23,Family,4078,240,818,Negative,#Wellness,474,0.8335807356401577
2021-05-24,Health,3979,2835,947,Neutral,#Fun,278,0.7006728951017077
2021-05-25,Culture,3659,534,916,Positive,#Trending,423,0.6340239691985152
2021-05-26,Family,9245,1873,971,Positive,#Art,114,0.13146488947512902
2021-05-27,Fitness,4054,1930,339,Neutral,#Fun,347,0.014653042065944755
2021-05-28,Fitness,1191,1163,348,Neutral,#HealthyLiving,212,0.7785026659572396
2021-05-29,Health,7798,1467,577,Negative,#Trending,79,0.7420354680564245
2021-05-30,Fashion,9469,2643,3,Negative,#Art,107,0.212403658695684
2021-05-31,Culture,9973,1568,54,Negative,#Fun,131,0.8747971759885758
2021-06-01,Health,5862,1204,987,Positive,#Art,202,0.6121603701257344
2021-06-02,Health,7815,919,613,Neutral,#Wellness,318,0.7070566381599263
2021-06-03,Fashion,5598,1046,540,Neutral,#HealthyLiving,190,0.5130251980404694
2021-06-04,Fashion,8248,944,112,Neutral,#Wellness,418,0.08274899757159326
2021-06-05,Fitness,5416,729,459,Positive,#Explore,336,0.12022172334644543
2021-06-06,Culture,3719,2614,273,Neutral,#Fun,454,0.5681969477993021
2021-06-07,Travel,7494,2797,342,Negative,#Art,62,0.5878870445623454
2021-06-08,Culture,8913,1254,93,Negative,#Lifestyle,356,0.47711436770741544
2021-06-09,Family,8010,18,227,Positive,#Wellness,371,0.1107251432998726
2021-06-10,Culture,9497,545,563,Neutral,#Lifestyle,416,0.982013982216295
2021-06-11,Fashion,4193,2556,387,Neutral,#Wellness,52,0.42887515424049016
2021-06-12,Travel,8638,585,927,Negative,#Lifestyle,384,0.8859174775322092
2021-06-13,Family,3452,955,824,Positive,#Wellness,87,0.58052651957885
2021-06-14,Health,980,750,341,Positive,#Trending,366,0.7522361016702139
2021-06-15,Food,3140,1362,222,Neutral,#Explore,250,0.748849317702662
2021-06-16,Food,9056,689,633,Neutral,#HealthyLiving,493,0.9755847064672835
2021-06-17,Fitness,5313,967,337,Negative,#Fun,140,0.475495579248159
2021-06-18,Family,4911,1746,862,Neutral,#Fun,421,0.7182719032587812
2021-06-19,Fashion,9154,2137,201,Neutral,#Art,117,0.3580063290711576
2021-06-20,Fitness,9820,2583,612,Neutral,#HealthyLiving,388,0.5078342344634562
2021-06-21,Family,9926,912,982,Neutral,#HealthyLiving,262,0.9524038047381791
2021-06-22,Travel,7796,597,651,Neutral,#Trending,64,0.1228419439962044
2021-06-23,Health,4881,2692,292,Neutral,#Trending,83,0.6132370538616888
2021-06-24,Food,4868,2900,282,Positive,#FamilyTime,388,0.843918492509487
2021-06-25,Culture,6971,2547,592,Negative,#Wellness,400,0.09805314478334637
2021-06-26,Fitness,6137,302,543,Positive,#Lifestyle,183,0.5171138084805122
2021-06-27,Food,549,2227,885,Positive,#Explore,434,0.16362725997485017
2021-06-28,Culture,2004,2703,910,Neutral,#HealthyLiving,441,0.03777452942919768
2021-06-29,Travel,4327,2792,327,Negative,#Lifestyle,456,0.18294134668462803
2021-06-30,Culture,7869,2622,186,Positive,#Art,459,0.20155676937648836
2021-07-01,Culture,1987,2917,589,Neutral,#Lifestyle,482,0.1237434500227459
2021-07-02,Fashion,9377,247,478,Negative,#HealthyLiving,379,0.7095240985081533
2021-07-03,Health,6856,2872,207,Negative,#Trending,394,0.9076068761909342
2021-07-04,Food,8965,2140,92,Negative,#Trending,101,0.7876023003566264
2021-07-05,Health,2592,57,76,Positive,#Explore,301,0.7426463125795139
2021-07-06,Fashion,2032,2524,427,Negative,#Lifestyle,262,0.3632841069568197
2021-07-07,Food,5606,910,111,Neutral,#Fun,470,0.8292003544148734
2021-07-08,Food,1996,2966,437,Negative,#Trending,233,0.9810425502202605
2021-07-09,Culture,4811,1677,706,Positive,#Trending,170,0.823613261053734
2021-07-10,Fashion,1665,2107,571,Neutral,#HealthyLiving,294,0.5984618030354663
2021-07-11,Fitness,9106,2768,891,Neutral,#Wellness,158,0.028795471227402336
2021-07-12,Fitness,1028,2976,344,Neutral,#Fun,84,0.2794137316884593
2021-07-13,Family,7190,1977,961,Positive,#HealthyLiving,379,0.3517936879032755
2021-07-14,Health,7709,1230,692,Positive,#Wellness,217,0.06787036597644469
2021-07-15,Health,7056,2165,953,Negative,#FamilyTime,354,0.1386507947274912
2021-07-16,Travel,2153,1044,550,Neutral,#Fun,247,0.03755134392978521
2021-07-17,Culture,4747,2633,451,Positive,#Fun,100,0.8803538491996954
2021-07-18,Culture,4694,149,774,Positive,#HealthyLiving,449,0.9479389313159586
2021-07-19,Family,3273,2973,624,Negative,#Art,71,0.7281817220089031
2021-07-20,Health,4492,747,941,Positive,#Trending,306,0.5412353745571568
2021-07-21,Fitness,7385,200,9,Positive,#FamilyTime,478,0.34674355369234267
2021-07-22,Health,9315,1586,309,Positive,#Lifestyle,355,0.7423407259975925
2021-07-23,Health,5177,2454,353,Negative,#Art,218,0.5322020578681108
2021-07-24,Fashion,9613,639,910,Negative,#Art,180,0.8537430768331451
2021-07-25,Music,8598,2558,626,Positive,#HealthyLiving,62,0.5934983373497309
2021-07-26,Family,2086,1746,480,Neutral,#Art,454,0.6969030627202348
2021-07-27,Family,8051,1103,7,Positive,#Explore,159,0.4222816521021424
2021-07-28,Food,6411,2184,159,Negative,#Trending,78,0.7211706829516827
2021-07-29,Travel,1950,1885,915,Positive,#Lifestyle,341,0.6358941621089782
2021-07-30,Fitness,3639,778,462,Positive,#HealthyLiving,271,0.6426452802706147
2021-07-31,Travel,513,2020,300,Negative,#Wellness,108,0.5502356931300472
2021-08-01,Health,1640,904,804,Neutral,#Lifestyle,92,0.3209506742559818
2021-08-02,Fitness,8814,198,119,Positive,#Lifestyle,345,0.6519021303678243
2021-08-03,Fashion,4782,1486,591,Neutral,#Lifestyle,263,0.6787590535413532
2021-08-04,Fashion,232,2712,841,Positive,#Fun,293,0.08160138816617657
2021-08-05,Fashion,6290,804,717,Positive,#Trending,486,0.09907467126650216
2021-08-06,Food,9298,2291,457,Neutral,#Art,353,0.6418202725624751
2021-08-07,Culture,3081,2756,109,Positive,#Fun,294,0.5232713177264343
2021-08-08,Travel,1812,2511,48,Negative,#Lifestyle,101,0.9205376244219445
2021-08-09,Music,2900,2349,22,Neutral,#Trending,375,0.6996557594647453
2021-08-10,Food,2907,2899,628,Neutral,#Lifestyle,410,0.9208140880498548
2021-08-11,Food,657,1093,675,Neutral,#Trending,278,0.8408315267231038
2021-08-12,Fitness,1362,387,309,Positive,#HealthyLiving,144,0.08813717062646398
2021-08-13,Travel,9862,878,238,Positive,#Trending,382,0.968678751466812
2021-08-14,Music,1109,2895,571,Positive,#HealthyLiving,174,0.9042553990585629
2021-08-15,Culture,7691,2362,377,Positive,#Trending,123,0.06683777573469218
2021-08-16,Food,2331,229,972,Positive,#FamilyTime,370,0.309445489817636
2021-08-17,Culture,9925,1619,406,Negative,#HealthyLiving,112,0.3838155855391219
2021-08-18,Family,3473,2033,608,Negative,#Trending,176,0.04337455884640862
2021-08-19,Culture,5970,505,6,Positive,#Wellness,333,0.08603815302167972
2021-08-20,Health,6332,2328,852,Negative,#FamilyTime,148,0.2871733828180195
2021-08-21,Music,3209,786,196,Negative,#HealthyLiving,65,0.0070180008461594445
2021-08-22,Health,1359,790,473,Positive,#Art,381,0.3600376673885065
2021-08-23,Travel,1627,1351,381,Negative,#HealthyLiving,96,0.7834006213531483
2021-08-24,Fashion,2080,2388,289,Neutral,#Wellness,426,0.606138494825407
2021-08-25,Food,6822,2262,249,Negative,#HealthyLiving,261,0.7987906447625468
2021-08-26,Music,3591,682,741,Negative,#Explore,376,0.05691364523784659
2021-08-27,Family,2572,330,18,Neutral,#Trending,152,0.4100366005984064
2021-08-28,Family,574,2286,922,Positive,#Wellness,108,0.43896356656866364
2021-08-29,Fashion,1401,2849,32,Neutral,#Trending,221,0.4150802879541098
2021-08-30,Health,9956,2104,662,Negative,#HealthyLiving,167,0.23386778069266112
2021-08-31,Fitness,1940,493,951,Negative,#HealthyLiving,440,0.2563678218401415
2021-09-01,Food,7462,499,499,Positive,#FamilyTime,439,0.3638649931110588
2021-09-02,Music,2881,1654,330,Positive,#Explore,82,0.2936593976824179
2021-09-03,Family,223,2869,508,Negative,#FamilyTime,108,0.6152509235978831
2021-09-04,Family,2584,2539,243,Negative,#Fun,336,0.9420330882219433
2021-09-05,Travel,597,2807,665,Neutral,#HealthyLiving,115,0.2627815114196318
2021-09-06,Health,8793,1385,818,Positive,#Trending,390,0.24843337295554013
2021-09-07,Fashion,7179,2669,216,Negative,#Explore,96,0.7098865812084422
2021-09-08,Culture,6628,1747,941,Neutral,#Explore,304,0.3069580129136886
2021-09-09,Food,8934,2228,856,Negative,#Wellness,148,0.31417264898268626
2021-09-10,Travel,2744,2459,21,Positive,#Explore,125,0.7170716779947861
2021-09-11,Fashion,611,2559,873,Positive,#Art,164,0.4965452685505509
2021-09-12,Music,9747,2392,169,Negative,#Trending,320,0.049160566744041345
2021-09-13,Fitness,9056,1160,826,Negative,#Fun,377,0.7082452175884417
2021-09-14,Music,7797,1195,150,Positive,#Art,158,0.10134510449866618
2021-09-15,Health,3389,575,107,Negative,#FamilyTime,69,0.08546982724993224
2021-09-16,Health,7191,2341,661,Negative,#FamilyTime,77,0.4743839665906203
2021-09-17,Food,4985,2384,674,Neutral,#Art,225,0.9806797803923522
2021-09-18,Music,9534,1915,476,Neutral,#Wellness,75,0.18580593887105135
2021-09-19,Fashion,4543,2678,782,Neutral,#Trending,72,0.06854400056479759
2021-09-20,Culture,5035,2291,843,Negative,#HealthyLiving,346,0.0720278284478515
2021-09-21,Travel,7893,1222,459,Neutral,#Wellness,453,0.7039784163377779
2021-09-22,Fitness,1037,742,756,Neutral,#Lifestyle,89,0.5901250987521344
2021-09-23,Food,2387,1878,768,Negative,#Lifestyle,489,0.560899989405592
2021-09-24,Health,4966,2238,478,Neutral,#HealthyLiving,241,0.26274257456717753
2021-09-25,Culture,6174,715,682,Neutral,#Wellness,109,0.48715216045807064
2021-09-26,Travel,4670,2738,922,Positive,#Art,362,0.7579324991187201
2021-09-27,Fashion,5416,2154,208,Positive,#FamilyTime,67,0.35913836106278385
2021-09-28,Food,742,2802,146,Negative,#Trending,237,0.22022278702947917
2021-09-29,Culture,5395,1285,653,Positive,#FamilyTime,265,0.3334092950027858
2021-09-30,Music,1492,353,471,Negative,#Fun,484,0.6110800999664161
2021-10-01,Travel,6208,1506,645,Negative,#HealthyLiving,335,0.9647768246915095
2021-10-02,Travel,8061,2446,229,Neutral,#HealthyLiving,50,0.45836098577730866
2021-10-03,Fashion,9262,2857,711,Negative,#Trending,337,0.13860561779879965
2021-10-04,Fashion,9204,2337,24,Negative,#HealthyLiving,199,0.8374087560626331
2021-10-05,Family,2443,2532,367,Neutral,#Lifestyle,121,0.8046075727371795
2021-10-06,Food,5029,1225,128,Positive,#Trending,394,0.397694144432315
2021-10-07,Fashion,9773,2287,552,Positive,#Fun,251,0.8906127781296825
2021-10-08,Fitness,5550,78,250,Negative,#Explore,467,0.446817137790642
2021-10-09,Fashion,339,1034,805,Positive,#Lifestyle,255,0.21458335154025932
2021-10-10,Health,7434,843,800,Positive,#HealthyLiving,145,0.33116405728681586
2021-10-11,Fashion,552,1300,325,Negative,#Wellness,376,0.1483294979906956
2021-10-12,Music,3952,945,431,Positive,#Wellness,213,0.9206354198085156
2021-10-13,Family,6011,1872,541,Neutral,#Wellness,175,0.925620636960776
2021-10-14,Food,4772,2341,733,Negative,#FamilyTime,93,0.9826007050018739
2021-10-15,Fitness,9912,784,675,Negative,#Wellness,157,0.008539152393869265
2021-10-16,Family,5884,2078,802,Neutral,#Explore,453,0.49111370849473057
2021-10-17,Fashion,1712,2810,18,Positive,#Lifestyle,186,0.7367709358650391
2021-10-18,Music,8615,237,683,Positive,#Art,180,0.8219538778588954
2021-10-19,Fashion,7208,2559,608,Positive,#Trending,362,0.9542955303806318
2021-10-20,Food,4217,1840,746,Positive,#Wellness,228,0.38288419814312435
2021-10-21,Health,9922,1068,6,Neutral,#FamilyTime,282,0.7713408572295967
2021-10-22,Family,638,1002,406,Positive,#Wellness,112,0.5824083768947608
2021-10-23,Music,5393,154,69,Negative,#Explore,404,0.9742901849468145
2021-10-24,Culture,9676,1104,339,Negative,#Trending,344,0.68917874129832
2021-10-25,Food,7204,1484,239,Positive,#Trending,318,0.31828137826822867
2021-10-26,Fitness,6673,2916,66,Negative,#Wellness,268,0.5001228539303424
2021-10-27,Health,5742,542,391,Positive,#Art,167,0.8255772460660211
2021-10-28,Food,3306,1132,284,Negative,#HealthyLiving,329,0.3106767995254669
2021-10-29,Family,940,2673,279,Positive,#Lifestyle,109,0.7892435796908234
2021-10-30,Fashion,1657,2364,945,Positive,#FamilyTime,462,0.4627618543005183
2021-10-31,Fitness,5408,2996,325,Negative,#FamilyTime,364,0.04443788081733335
2021-11-01,Travel,3151,2562,805,Neutral,#Trending,186,0.818391437112946
2021-11-02,Fashion,6012,603,933,Positive,#FamilyTime,97,0.25090969186627454
2021-11-03,Fitness,4157,2922,653,Positive,#Explore,120,0.7386306613280068
2021-11-04,Fitness,1123,2720,479,Negative,#Art,404,0.1346805644128728
2021-11-05,Family,3186,758,288,Negative,#Fun,351,0.7746645630136935
2021-11-06,Health,7094,2057,169,Positive,#Explore,175,0.2457542594230635
2021-11-07,Health,5741,1130,858,Positive,#Trending,376,0.5901776084300382
2021-11-08,Culture,1271,988,577,Neutral,#Fun,142,0.9195188830785688
2021-11-09,Culture,9043,1885,898,Negative,#Trending,353,0.7812183395486305
2021-11-10,Health,3487,160,398,Positive,#Art,484,0.27177440318856794
2021-11-11,Travel,7909,1457,913,Positive,#HealthyLiving,475,0.4082414915036666
2021-11-12,Fashion,4572,2430,212,Negative,#Explore,86,0.7478138638219171
2021-11-13,Culture,8115,708,743,Neutral,#Lifestyle,275,0.059457888979621565
2021-11-14,Family,9062,1883,476,Neutral,#Trending,335,0.13577157991892153
2021-11-15,Fashion,589,2127,357,Neutral,#Lifestyle,278,0.6224832515185893
2021-11-16,Food,4328,2093,422,Neutral,#Trending,100,0.7272533639783695
2021-11-17,Health,935,1610,410,Neutral,#Explore,113,0.4213291350282863
2021-11-18,Fitness,2090,2848,360,Positive,#Fun,380,0.95105290238048
2021-11-19,Fitness,2602,1186,171,Neutral,#FamilyTime,448,0.5774003392845415
2021-11-20,Fashion,9613,815,967,Neutral,#Lifestyle,334,0.42635213584240284
2021-11-21,Fitness,3290,1590,213,Positive,#Trending,401,0.31644574086537436
2021-11-22,Food,295,1155,695,Positive,#Wellness,231,0.9918202720814461
2021-11-23,Culture,5352,1918,250,Positive,#Explore,145,0.06992385014387958
2021-11-24,Fashion,5697,954,318,Negative,#HealthyLiving,449,0.9020680647796926
2021-11-25,Culture,8996,2665,940,Neutral,#Wellness,157,0.12488579490917373
2021-11-26,Culture,1644,2018,59,Neutral,#FamilyTime,282,0.20861567098797096
2021-11-27,Music,3414,448,685,Neutral,#Lifestyle,117,0.0023242954685733785
2021-11-28,Travel,2872,2899,899,Negative,#Art,474,0.11546449202123032
2021-11-29,Fashion,9363,925,419,Neutral,#FamilyTime,489,0.40568350963460265
2021-11-30,Fitness,9054,1919,674,Neutral,#Trending,121,0.9239101973870602
2021-12-01,Food,168,1472,580,Positive,#FamilyTime,223,0.11077298462958396
2021-12-02,Fashion,64,1271,83,Neutral,#Trending,137,0.7564844526566482
2021-12-03,Family,5915,2534,924,Neutral,#Explore,181,0.9227468856983541
2021-12-04,Food,925,2727,884,Neutral,#Fun,421,0.22293212209268376
2021-12-05,Music,1983,2453,590,Positive,#Art,226,0.8029417598911178
2021-12-06,Music,6878,1069,267,Negative,#Trending,228,0.25353212274538317
2021-12-07,Health,7500,2332,849,Neutral,#Wellness,73,0.6060520449784411
2021-12-08,Culture,4626,2177,887,Positive,#Wellness,376,0.18064968609936616
2021-12-09,Music,8122,2246,316,Positive,#Lifestyle,362,0.15420581437029468
2021-12-10,Music,8815,764,393,Neutral,#Explore,443,0.9794912356258493
2021-12-11,Family,2474,1573,149,Negative,#FamilyTime,414,0.6371098070689404
2021-12-12,Health,6920,827,136,Positive,#Wellness,382,0.40169220331478406
2021-12-13,Family,5004,1050,509,Negative,#Lifestyle,269,0.2785636478120541
2021-12-14,Fashion,4330,855,525,Positive,#Art,130,0.4055667641252957
2021-12-15,Music,1914,494,576,Neutral,#Art,173,0.7023570149097501
2021-12-16,Travel,4545,2466,186,Positive,#Art,404,0.339608919777616
2021-12-17,Music,6010,432,274,Negative,#Trending,269,0.1664486010598214
2021-12-18,Music,6132,1089,121,Positive,#Fun,482,0.028554207401001896
2021-12-19,Culture,9238,2035,917,Positive,#Explore,409,0.993806446415784
2021-12-20,Culture,5184,1209,554,Neutral,#Art,451,0.5307119807326389
2021-12-21,Health,3746,1358,520,Positive,#HealthyLiving,420,0.16604047259295562
2021-12-22,Music,6989,1864,70,Positive,#Lifestyle,295,0.6872248138550803
2021-12-23,Travel,5382,1558,142,Negative,#Fun,101,0.43275761856956274
2021-12-24,Family,3945,1455,70,Neutral,#HealthyLiving,193,0.5626533357897666
2021-12-25,Fashion,5141,1586,62,Negative,#Art,498,0.5958676490200323
2021-12-26,Food,9413,2755,451,Positive,#Wellness,65,0.8611953468599429
2021-12-27,Family,8919,87,34,Neutral,#HealthyLiving,127,0.16926051211060544
2021-12-28,Family,5045,2892,433,Neutral,#Trending,381,0.14633445767848485
2021-12-29,Food,5328,742,737,Neutral,#Art,180,0.8872141743809362
2021-12-30,Music,8904,1766,181,Neutral,#Lifestyle,302,0.7349470703735339
2021-12-31,Culture,5241,632,793,Negative,#Fun,253,0.12462108744031963
2022-01-01,Health,794,2060,994,Neutral,#FamilyTime,365,0.7215932062008937
2022-01-02,Travel,5496,2807,110,Neutral,#FamilyTime,67,0.4020671490173565
2022-01-03,Health,3135,1491,945,Negative,#Trending,405,0.62427628467543
2022-01-04,Travel,507,1277,245,Positive,#Trending,435,0.7253890525521036
2022-01-05,Fitness,9539,166,891,Neutral,#Fun,196,0.20663873484793338
2022-01-06,Fashion,4974,2873,338,Positive,#Wellness,254,0.9381769438612665
2022-01-07,Fitness,2822,615,420,Negative,#HealthyLiving,217,0.517165188730425
2022-01-08,Family,4399,748,15,Positive,#Fun,304,0.1642071883770988
2022-01-09,Culture,7518,2325,342,Neutral,#Art,126,0.5174003663875025
2022-01-10,Family,3700,2774,893,Positive,#Trending,355,0.9924701499906807
2022-01-11,Fitness,5808,1174,97,Negative,#Wellness,372,0.6134897423441478
2022-01-12,Travel,8682,480,938,Neutral,#Lifestyle,497,0.5432198506346737
2022-01-13,Health,3042,956,552,Neutral,#Lifestyle,409,0.2578953210440533
2022-01-14,Health,9688,1491,524,Neutral,#Explore,269,0.5896264154342115
2022-01-15,Family,7401,1602,289,Positive,#Art,345,0.5776617260063664
2022-01-16,Food,5961,1608,757,Positive,#Art,87,0.7547133081305647
2022-01-17,Health,1794,238,313,Positive,#FamilyTime,187,0.684247449738535
2022-01-18,Music,8944,1430,137,Neutral,#Trending,317,0.7420807000423386
2022-01-19,Music,6780,2508,738,Negative,#Explore,138,0.0027209340459349862
2022-01-20,Health,7451,22,577,Negative,#Explore,491,0.46350828876959893
2022-01-21,Family,2427,2637,82,Negative,#Lifestyle,385,0.06893355273328661
2022-01-22,Fitness,7430,2898,198,Negative,#Lifestyle,200,0.8479665466832077
2022-01-23,Fashion,6549,2807,631,Negative,#Art,213,0.186378625791624
2022-01-24,Culture,7614,2810,389,Neutral,#Trending,363,0.5586525088511725
2022-01-25,Family,1876,2705,753,Neutral,#Explore,291,0.8172951591026503
2022-01-26,Travel,9735,2868,617,Positive,#Trending,445,0.13950672923613572
2022-01-27,Health,7246,1188,365,Negative,#Explore,183,0.6993188725353185
2022-01-28,Health,1922,1168,122,Negative,#Trending,70,0.8169679354514041
2022-01-29,Food,7785,1558,634,Neutral,#Wellness,135,0.40145149485197695
2022-01-30,Fashion,6180,33,138,Positive,#Lifestyle,100,0.07176342895412913
2022-01-31,Family,4401,1554,583,Positive,#Trending,244,0.09541660903968863
2022-02-01,Health,2867,2221,502,Negative,#Lifestyle,103,0.07445701174897223
2022-02-02,Family,9800,560,120,Negative,#Trending,356,0.046192409395398815
2022-02-03,Food,8814,1230,518,Neutral,#Fun,120,0.30022914140732504
2022-02-04,Music,2396,1214,473,Positive,#Trending,224,0.984181649207908
2022-02-05,Fashion,7265,1919,228,Negative,#FamilyTime,387,0.9676829276433194
2022-02-06,Travel,1553,1332,411,Negative,#Wellness,418,0.8077451056525079
2022-02-07,Family,6089,2396,30,Positive,#Trending,489,0.7611928929610672
2022-02-08,Fashion,3785,2940,577,Positive,#Art,132,0.8805307906170993
2022-02-09,Family,8811,1115,878,Neutral,#Lifestyle,147,0.32341698578123157
2022-02-10,Travel,5154,887,976,Positive,#Explore,189,0.925842118748963
2022-02-11,Fitness,6634,1298,713,Negative,#Art,122,0.4736319141109122
2022-02-12,Music,3646,2830,722,Negative,#Fun,135,0.20663827874952334
2022-02-13,Fitness,6794,1108,819,Negative,#Wellness,370,0.9608155841318414
2022-02-14,Fitness,754,665,901,Neutral,#Art,432,0.23039364526483908
2022-02-15,Culture,9669,2836,12,Positive,#Wellness,333,0.08312512543973793
2022-02-16,Culture,772,1224,826,Positive,#Lifestyle,215,0.549941057116487
2022-02-17,Food,5134,1155,137,Negative,#FamilyTime,116,0.4071112211033342
2022-02-18,Fitness,6814,209,127,Negative,#Art,180,0.4115812086170145
2022-02-19,Family,908,2033,641,Positive,#Lifestyle,434,0.7234713714008315
2022-02-20,Family,6076,1245,870,Positive,#Explore,272,0.22880149058075228
2022-02-21,Music,1949,1587,401,Negative,#HealthyLiving,277,0.8810927287885367
2022-02-22,Music,3622,2026,293,Positive,#Art,166,0.03983729876112674
2022-02-23,Food,1529,680,723,Negative,#Wellness,124,0.3179144646912504
2022-02-24,Fitness,5651,851,147,Negative,#FamilyTime,410,0.8470977470072476
2022-02-25,Music,9687,1519,57,Neutral,#Explore,384,0.41828268531583224
2022-02-26,Family,7894,577,952,Positive,#FamilyTime,276,0.25946686147975473
2022-02-27,Music,8618,615,12,Neutral,#Wellness,106,0.7758738308176311
2022-02-28,Fitness,2749,2604,274,Positive,#FamilyTime,274,0.09202610616896878
2022-03-01,Travel,9011,262,490,Positive,#Art,441,0.22700068944079765
2022-03-02,Food,3504,1107,759,Positive,#HealthyLiving,135,0.03851998727996164
2022-03-03,Food,9407,1209,755,Positive,#Explore,90,0.6210987317360127
2022-03-04,Family,1810,2005,896,Negative,#Lifestyle,136,0.32146755120577386
2022-03-05,Fashion,7550,424,29,Neutral,#HealthyLiving,483,0.33810804018565255
2022-03-06,Travel,5622,364,270,Positive,#HealthyLiving,483,0.40109743134684817
2022-03-07,Fashion,5382,1283,955,Negative,#Fun,65,0.8744970018610686
2022-03-08,Food,2912,371,329,Neutral,#Trending,412,0.883314876422501
2022-03-09,Travel,6313,507,938,Positive,#HealthyLiving,230,0.6023957403934056
2022-03-10,Fitness,8536,41,804,Negative,#Wellness,136,0.5031736275253078
2022-03-11,Food,9325,1968,874,Negative,#FamilyTime,56,0.07283161658842907
2022-03-12,Music,6740,617,212,Neutral,#Lifestyle,272,0.39212324115896924
2022-03-13,Fashion,1304,2299,559,Neutral,#FamilyTime,315,0.7695334231229715
2022-03-14,Travel,4814,1380,460,Positive,#Lifestyle,446,0.9794330519160693
2022-03-15,Fashion,1328,1303,752,Neutral,#Fun,279,0.8468266412769435
2022-03-16,Culture,2383,2572,136,Positive,#Explore,50,0.7294266988033322
2022-03-17,Music,5432,967,908,Positive,#HealthyLiving,150,0.9563611210373636
2022-03-18,Culture,1921,1603,80,Negative,#FamilyTime,431,0.2357655308248806
2022-03-19,Culture,2234,478,193,Neutral,#Wellness,53,0.34232932115480075
2022-03-20,Family,286,2145,47,Negative,#FamilyTime,369,0.7305000256061637
2022-03-21,Music,58,1632,725,Positive,#Trending,97,0.4550453281695602
2022-03-22,Family,1314,2483,752,Positive,#HealthyLiving,114,0.6677566245710731
2022-03-23,Culture,2985,2692,763,Positive,#Explore,216,0.41671722383961585
2022-03-24,Health,2761,963,672,Neutral,#Explore,235,0.3045971760428047
2022-03-25,Fitness,3429,2673,998,Negative,#Lifestyle,409,0.8018632643032765
2022-03-26,Health,8168,794,6,Negative,#HealthyLiving,111,0.17891965277522204
2022-03-27,Family,3468,810,506,Positive,#Art,147,0.10619975232772316
2022-03-28,Travel,6980,26,504,Positive,#FamilyTime,212,0.19157234231039355
2022-03-29,Fashion,7234,672,801,Positive,#FamilyTime,322,0.1236731315746945
2022-03-30,Health,6826,2557,220,Positive,#Fun,421,0.3719016275860546
2022-03-31,Food,4500,24,11,Negative,#Art,163,0.04989827086311849
2022-04-01,Food,8321,237,621,Negative,#Lifestyle,432,0.22698990611116265
2022-04-02,Fashion,984,2840,590,Positive,#Explore,196,0.7320986311219897
2022-04-03,Fitness,7814,2744,168,Neutral,#FamilyTime,321,0.3747954195424926
2022-04-04,Culture,63,1742,534,Negative,#Art,179,0.8734785101547249
2022-04-05,Health,836,2312,196,Neutral,#Explore,198,0.5857624152902154
2022-04-06,Fashion,9868,1126,122,Neutral,#HealthyLiving,95,0.8232692154053087
2022-04-07,Food,6620,1644,436,Neutral,#Explore,77,0.5173192291586975
2022-04-08,Culture,4403,1294,804,Negative,#HealthyLiving,279,0.2585609150399323
2022-04-09,Culture,9043,2521,107,Neutral,#FamilyTime,373,0.30212106472260947
2022-04-10,Culture,2999,2334,931,Positive,#Trending,464,0.3883789896075006
2022-04-11,Health,184,1221,144,Negative,#Trending,322,0.9735151351416478
2022-04-12,Music,860,998,926,Positive,#FamilyTime,192,0.8854077272486383
2022-04-13,Music,7876,1661,510,Neutral,#HealthyLiving,121,0.6096147596546342
2022-04-14,Health,8035,126,506,Neutral,#Trending,196,0.3116935424605892
2022-04-15,Travel,4074,2201,109,Positive,#HealthyLiving,79,0.9352346709075615
2022-04-16,Family,4652,839,750,Neutral,#HealthyLiving,371,0.41949481159340907
2022-04-17,Health,1352,2149,409,Positive,#FamilyTime,135,0.9566274313225058
2022-04-18,Food,7208,596,797,Negative,#Fun,453,0.8946373715407491
2022-04-19,Fitness,9269,803,180,Neutral,#Wellness,499,0.68718281451495
2022-04-20,Culture,4431,2750,67,Neutral,#Lifestyle,425,0.14037738191220905
2022-04-21,Health,5830,1568,632,Neutral,#Art,388,0.39038570424573027
2022-04-22,Travel,2442,767,906,Negative,#Art,212,0.5308083336144899
2022-04-23,Culture,8444,1854,565,Neutral,#FamilyTime,473,0.8319440024140187
2022-04-24,Fashion,8366,2924,511,Positive,#Art,275,0.8323148950944121
2022-04-25,Health,9212,411,832,Positive,#FamilyTime,269,0.5009196254079507
2022-04-26,Music,9765,1448,699,Negative,#Explore,297,0.6920172558022645
2022-04-27,Family,8657,2568,418,Negative,#Lifestyle,241,0.481356040201979
2022-04-28,Fitness,6399,593,855,Neutral,#HealthyLiving,334,0.5239672228001214
2022-04-29,Fitness,1095,2713,785,Positive,#Fun,270,0.5554628824074818
2022-04-30,Travel,650,1345,233,Negative,#HealthyLiving,156,0.06834608769620776
2022-05-01,Culture,3468,2467,878,Neutral,#Explore,449,0.880417921287843
2022-05-02,Family,7900,2465,439,Neutral,#Trending,147,0.23681424073179336
2022-05-03,Food,5326,1622,127,Negative,#Lifestyle,263,0.7021049337448632
2022-05-04,Health,2929,844,39,Negative,#HealthyLiving,237,0.8555313426439451
2022-05-05,Fitness,3918,399,892,Negative,#Wellness,218,0.01242062329937399
2022-05-06,Travel,5111,519,24,Negative,#Explore,343,0.5070469524396989
2022-05-07,Food,1117,748,409,Neutral,#Trending,219,0.2656285834697215
2022-05-08,Culture,6675,763,774,Neutral,#Explore,492,0.017711889132996705
2022-05-09,Health,1018,1503,921,Neutral,#Fun,125,0.8552445214950626
2022-05-10,Travel,2924,1040,891,Positive,#Art,176,0.48297220985221334
2022-05-11,Fashion,2755,1377,383,Neutral,#Fun,64,0.9026060230396923
2022-05-12,Family,9052,1762,493,Positive,#FamilyTime,315,0.9854794559118213
2022-05-13,Food,3526,1054,668,Neutral,#Explore,309,0.957264607949515
2022-05-14,Family,5689,1739,407,Positive,#Explore,247,0.6938368992142128
2022-05-15,Family,1623,1306,598,Positive,#Wellness,300,0.6638723785623978
